VTX, IDX, POSITION.x, POSITION.y, POSITION.z, POSITION.w, NORMAL.x, NORMAL.y, NORMAL.z, NORMAL.w, TEXCOORD0.x, TEXCOORD0.y
0,0,5,0,5,1,0,1,0,0,0,0
1,11,5,0,4,1,0,1,0,0,0,0.09998
2,12,4,0,4,1,0,1,0,0,0.09998,0.09998
3,0,5,0,5,1,0,1,0,0,0,0
4,12,4,0,4,1,0,1,0,0,0.09998,0.09998
5,1,4,0,5,1,0,1,0,0,0.09998,0
6,1,4,0,5,1,0,1,0,0,0.09998,0
7,12,4,0,4,1,0,1,0,0,0.09998,0.09998
8,13,3,0,4,1,0,1,0,0,0.19995,0.09998
9,1,4,0,5,1,0,1,0,0,0.09998,0
10,13,3,0,4,1,0,1,0,0,0.19995,0.09998
11,2,3,0,5,1,0,1,0,0,0.19995,0
12,2,3,0,5,1,0,1,0,0,0.19995,0
13,13,3,0,4,1,0,1,0,0,0.19995,0.09998
14,14,2,0,4,1,0,1,0,0,0.30005,0.09998
15,2,3,0,5,1,0,1,0,0,0.19995,0
16,14,2,0,4,1,0,1,0,0,0.30005,0.09998
17,3,2,0,5,1,0,1,0,0,0.30005,0
18,3,2,0,5,1,0,1,0,0,0.30005,0
19,14,2,0,4,1,0,1,0,0,0.30005,0.09998
20,15,1,0,4,1,0,1,0,0,0.3999,0.09998
21,3,2,0,5,1,0,1,0,0,0.30005,0
22,15,1,0,4,1,0,1,0,0,0.3999,0.09998
23,4,1,0,5,1,0,1,0,0,0.3999,0
24,4,1,0,5,1,0,1,0,0,0.3999,0
25,15,1,0,4,1,0,1,0,0,0.3999,0.09998
26,16,0,0,4,1,0,1,0,0,0.5,0.09998
27,4,1,0,5,1,0,1,0,0,0.3999,0
28,16,0,0,4,1,0,1,0,0,0.5,0.09998
29,5,0,0,5,1,0,1,0,0,0.5,0
30,5,0,0,5,1,0,1,0,0,0.5,0
31,16,0,0,4,1,0,1,0,0,0.5,0.09998
32,17,-1,0,4,1,0,1,0,0,0.6001,0.09998
33,5,0,0,5,1,0,1,0,0,0.5,0
34,17,-1,0,4,1,0,1,0,0,0.6001,0.09998
35,6,-1,0,5,1,0,1,0,0,0.6001,0
36,6,-1,0,5,1,0,1,0,0,0.6001,0
37,17,-1,0,4,1,0,1,0,0,0.6001,0.09998
38,18,-2,0,4,1,0,1,0,0,0.7002,0.09998
39,6,-1,0,5,1,0,1,0,0,0.6001,0
40,18,-2,0,4,1,0,1,0,0,0.7002,0.09998
41,7,-2,0,5,1,0,1,0,0,0.7002,0
42,7,-2,0,5,1,0,1,0,0,0.7002,0
43,18,-2,0,4,1,0,1,0,0,0.7002,0.09998
44,19,-3,0,4,1,0,1,0,0,0.7998,0.09998
45,7,-2,0,5,1,0,1,0,0,0.7002,0
46,19,-3,0,4,1,0,1,0,0,0.7998,0.09998
47,8,-3,0,5,1,0,1,0,0,0.7998,0
48,8,-3,0,5,1,0,1,0,0,0.7998,0
49,19,-3,0,4,1,0,1,0,0,0.7998,0.09998
50,20,-4,0,4,1,0,1,0,0,0.8999,0.09998
51,8,-3,0,5,1,0,1,0,0,0.7998,0
52,20,-4,0,4,1,0,1,0,0,0.8999,0.09998
53,9,-4,0,5,1,0,1,0,0,0.8999,0
54,9,-4,0,5,1,0,1,0,0,0.8999,0
55,20,-4,0,4,1,0,1,0,0,0.8999,0.09998
56,21,-5,0,4,1,0,1,0,0,1,0.09998
57,9,-4,0,5,1,0,1,0,0,0.8999,0
58,21,-5,0,4,1,0,1,0,0,1,0.09998
59,10,-5,0,5,1,0,1,0,0,1,0
60,14,2,0,4,1,0,1,0,0,0.30005,0.09998
61,26,1,0,3,1,0,1,0,0,0.3999,0.19995
62,15,1,0,4,1,0,1,0,0,0.3999,0.09998
63,15,1,0,4,1,0,1,0,0,0.3999,0.09998
64,26,1,0,3,1,0,1,0,0,0.3999,0.19995
65,27,0,0,3,1,0,1,0,0,0.5,0.19995
66,15,1,0,4,1,0,1,0,0,0.3999,0.09998
67,27,0,0,3,1,0,1,0,0,0.5,0.19995
68,16,0,0,4,1,0,1,0,0,0.5,0.09998
69,16,0,0,4,1,0,1,0,0,0.5,0.09998
70,27,0,0,3,1,0,1,0,0,0.5,0.19995
71,28,-1,0,3,1,0,1,0,0,0.6001,0.19995
72,16,0,0,4,1,0,1,0,0,0.5,0.09998
73,28,-1,0,3,1,0,1,0,0,0.6001,0.19995
74,17,-1,0,4,1,0,1,0,0,0.6001,0.09998
75,17,-1,0,4,1,0,1,0,0,0.6001,0.09998
76,28,-1,0,3,1,0,1,0,0,0.6001,0.19995
77,29,-2,0,3,1,0,1,0,0,0.7002,0.19995
78,17,-1,0,4,1,0,1,0,0,0.6001,0.09998
79,29,-2,0,3,1,0,1,0,0,0.7002,0.19995
80,18,-2,0,4,1,0,1,0,0,0.7002,0.09998
81,18,-2,0,4,1,0,1,0,0,0.7002,0.09998
82,29,-2,0,3,1,0,1,0,0,0.7002,0.19995
83,30,-3,0,3,1,0,1,0,0,0.7998,0.19995
84,18,-2,0,4,1,0,1,0,0,0.7002,0.09998
85,30,-3,0,3,1,0,1,0,0,0.7998,0.19995
86,19,-3,0,4,1,0,1,0,0,0.7998,0.09998
87,19,-3,0,4,1,0,1,0,0,0.7998,0.09998
88,30,-3,0,3,1,0,1,0,0,0.7998,0.19995
89,31,-4,0,3,1,0,1,0,0,0.8999,0.19995
90,19,-3,0,4,1,0,1,0,0,0.7998,0.09998
91,31,-4,0,3,1,0,1,0,0,0.8999,0.19995
92,20,-4,0,4,1,0,1,0,0,0.8999,0.09998
93,20,-4,0,4,1,0,1,0,0,0.8999,0.09998
94,31,-4,0,3,1,0,1,0,0,0.8999,0.19995
95,32,-5,0,3,1,0,1,0,0,1,0.19995
96,20,-4,0,4,1,0,1,0,0,0.8999,0.09998
97,32,-5,0,3,1,0,1,0,0,1,0.19995
98,21,-5,0,4,1,0,1,0,0,1,0.09998
99,26,1,0,3,1,0,1,0,0,0.3999,0.19995
100,38,0,0,2,1,0,1,0,0,0.5,0.30005
101,27,0,0,3,1,0,1,0,0,0.5,0.19995
102,26,1,0,3,1,0,1,0,0,0.3999,0.19995
103,37,1,0,2,1,0,1,0,0,0.3999,0.30005
104,38,0,0,2,1,0,1,0,0,0.5,0.30005
105,25,2,0,3,1,0,1,0,0,0.30005,0.19995
106,37,1,0,2,1,0,1,0,0,0.3999,0.30005
107,26,1,0,3,1,0,1,0,0,0.3999,0.19995
108,14,2,0,4,1,0,1,0,0,0.30005,0.09998
109,25,2,0,3,1,0,1,0,0,0.30005,0.19995
110,26,1,0,3,1,0,1,0,0,0.3999,0.19995
111,13,3,0,4,1,0,1,0,0,0.19995,0.09998
112,25,2,0,3,1,0,1,0,0,0.30005,0.19995
113,14,2,0,4,1,0,1,0,0,0.30005,0.09998
114,13,3,0,4,1,0,1,0,0,0.19995,0.09998
115,24,3,0,3,1,0,1,0,0,0.19995,0.19995
116,25,2,0,3,1,0,1,0,0,0.30005,0.19995
117,12,4,0,4,1,0,1,0,0,0.09998,0.09998
118,24,3,0,3,1,0,1,0,0,0.19995,0.19995
119,13,3,0,4,1,0,1,0,0,0.19995,0.09998
120,12,4,0,4,1,0,1,0,0,0.09998,0.09998
121,23,4,0,3,1,0,1,0,0,0.09998,0.19995
122,24,3,0,3,1,0,1,0,0,0.19995,0.19995
123,11,5,0,4,1,0,1,0,0,0,0.09998
124,23,4,0,3,1,0,1,0,0,0.09998,0.19995
125,12,4,0,4,1,0,1,0,0,0.09998,0.09998
126,11,5,0,4,1,0,1,0,0,0,0.09998
127,22,5,0,3,1,0,1,0,0,0,0.19995
128,23,4,0,3,1,0,1,0,0,0.09998,0.19995
129,22,5,0,3,1,0,1,0,0,0,0.19995
130,34,4,0,2,1,0,1,0,0,0.09998,0.30005
131,23,4,0,3,1,0,1,0,0,0.09998,0.19995
132,22,5,0,3,1,0,1,0,0,0,0.19995
133,33,5,0,2,1,0,1,0,0,0,0.30005
134,34,4,0,2,1,0,1,0,0,0.09998,0.30005
135,23,4,0,3,1,0,1,0,0,0.09998,0.19995
136,34,4,0,2,1,0,1,0,0,0.09998,0.30005
137,35,3,0,2,1,0,1,0,0,0.19995,0.30005
138,23,4,0,3,1,0,1,0,0,0.09998,0.19995
139,35,3,0,2,1,0,1,0,0,0.19995,0.30005
140,24,3,0,3,1,0,1,0,0,0.19995,0.19995
141,24,3,0,3,1,0,1,0,0,0.19995,0.19995
142,35,3,0,2,1,0,1,0,0,0.19995,0.30005
143,36,2,0,2,1,0,1,0,0,0.30005,0.30005
144,24,3,0,3,1,0,1,0,0,0.19995,0.19995
145,36,2,0,2,1,0,1,0,0,0.30005,0.30005
146,25,2,0,3,1,0,1,0,0,0.30005,0.19995
147,25,2,0,3,1,0,1,0,0,0.30005,0.19995
148,36,2,0,2,1,0,1,0,0,0.30005,0.30005
149,37,1,0,2,1,0,1,0,0,0.3999,0.30005
150,31,-4,0,3,1,0,1,0,0,0.8999,0.19995
151,43,-5,0,2,1,0,1,0,0,1,0.30005
152,32,-5,0,3,1,0,1,0,0,1,0.19995
153,33,5,0,2,1,0,1,0,0,0,0.30005
154,45,4,0,1,1,0,1,0,0,0.09998,0.3999
155,34,4,0,2,1,0,1,0,0,0.09998,0.30005
156,33,5,0,2,1,0,1,0,0,0,0.30005
157,44,5,0,1,1,0,1,0,0,0,0.3999
158,45,4,0,1,1,0,1,0,0,0.09998,0.3999
159,34,4,0,2,1,0,1,0,0,0.09998,0.30005
160,45,4,0,1,1,0,1,0,0,0.09998,0.3999
161,46,3,0,1,1,0,1,0,0,0.19995,0.3999
162,34,4,0,2,1,0,1,0,0,0.09998,0.30005
163,46,3,0,1,1,0,1,0,0,0.19995,0.3999
164,35,3,0,2,1,0,1,0,0,0.19995,0.30005
165,35,3,0,2,1,0,1,0,0,0.19995,0.30005
166,46,3,0,1,1,0,1,0,0,0.19995,0.3999
167,47,2,0,1,1,0,1,0,0,0.30005,0.3999
168,35,3,0,2,1,0,1,0,0,0.19995,0.30005
169,47,2,0,1,1,0,1,0,0,0.30005,0.3999
170,36,2,0,2,1,0,1,0,0,0.30005,0.30005
171,36,2,0,2,1,0,1,0,0,0.30005,0.30005
172,47,2,0,1,1,0,1,0,0,0.30005,0.3999
173,48,1,0,1,1,0,1,0,0,0.3999,0.3999
174,36,2,0,2,1,0,1,0,0,0.30005,0.30005
175,48,1,0,1,1,0,1,0,0,0.3999,0.3999
176,37,1,0,2,1,0,1,0,0,0.3999,0.30005
177,37,1,0,2,1,0,1,0,0,0.3999,0.30005
178,48,1,0,1,1,0,1,0,0,0.3999,0.3999
179,49,0,0,1,1,0,1,0,0,0.5,0.3999
180,37,1,0,2,1,0,1,0,0,0.3999,0.30005
181,49,0,0,1,1,0,1,0,0,0.5,0.3999
182,38,0,0,2,1,0,1,0,0,0.5,0.30005
183,38,0,0,2,1,0,1,0,0,0.5,0.30005
184,49,0,0,1,1,0,1,0,0,0.5,0.3999
185,50,-1,0,1,1,0,1,0,0,0.6001,0.3999
186,38,0,0,2,1,0,1,0,0,0.5,0.30005
187,50,-1,0,1,1,0,1,0,0,0.6001,0.3999
188,39,-1,0,2,1,0,1,0,0,0.6001,0.30005
189,27,0,0,3,1,0,1,0,0,0.5,0.19995
190,38,0,0,2,1,0,1,0,0,0.5,0.30005
191,39,-1,0,2,1,0,1,0,0,0.6001,0.30005
192,27,0,0,3,1,0,1,0,0,0.5,0.19995
193,39,-1,0,2,1,0,1,0,0,0.6001,0.30005
194,28,-1,0,3,1,0,1,0,0,0.6001,0.19995
195,28,-1,0,3,1,0,1,0,0,0.6001,0.19995
196,39,-1,0,2,1,0,1,0,0,0.6001,0.30005
197,40,-2,0,2,1,0,1,0,0,0.7002,0.30005
198,28,-1,0,3,1,0,1,0,0,0.6001,0.19995
199,40,-2,0,2,1,0,1,0,0,0.7002,0.30005
200,29,-2,0,3,1,0,1,0,0,0.7002,0.19995
201,29,-2,0,3,1,0,1,0,0,0.7002,0.19995
202,40,-2,0,2,1,0,1,0,0,0.7002,0.30005
203,41,-3,0,2,1,0,1,0,0,0.7998,0.30005
204,29,-2,0,3,1,0,1,0,0,0.7002,0.19995
205,41,-3,0,2,1,0,1,0,0,0.7998,0.30005
206,30,-3,0,3,1,0,1,0,0,0.7998,0.19995
207,30,-3,0,3,1,0,1,0,0,0.7998,0.19995
208,41,-3,0,2,1,0,1,0,0,0.7998,0.30005
209,42,-4,0,2,1,0,1,0,0,0.8999,0.30005
210,30,-3,0,3,1,0,1,0,0,0.7998,0.19995
211,42,-4,0,2,1,0,1,0,0,0.8999,0.30005
212,31,-4,0,3,1,0,1,0,0,0.8999,0.19995
213,31,-4,0,3,1,0,1,0,0,0.8999,0.19995
214,42,-4,0,2,1,0,1,0,0,0.8999,0.30005
215,43,-5,0,2,1,0,1,0,0,1,0.30005
216,39,-1,0,2,1,0,1,0,0,0.6001,0.30005
217,50,-1,0,1,1,0,1,0,0,0.6001,0.3999
218,51,-2,0,1,1,0,1,0,0,0.7002,0.3999
219,39,-1,0,2,1,0,1,0,0,0.6001,0.30005
220,51,-2,0,1,1,0,1,0,0,0.7002,0.3999
221,40,-2,0,2,1,0,1,0,0,0.7002,0.30005
222,40,-2,0,2,1,0,1,0,0,0.7002,0.30005
223,51,-2,0,1,1,0,1,0,0,0.7002,0.3999
224,52,-3,0,1,1,0,1,0,0,0.7998,0.3999
225,40,-2,0,2,1,0,1,0,0,0.7002,0.30005
226,52,-3,0,1,1,0,1,0,0,0.7998,0.3999
227,41,-3,0,2,1,0,1,0,0,0.7998,0.30005
228,41,-3,0,2,1,0,1,0,0,0.7998,0.30005
229,52,-3,0,1,1,0,1,0,0,0.7998,0.3999
230,53,-4,0,1,1,0,1,0,0,0.8999,0.3999
231,41,-3,0,2,1,0,1,0,0,0.7998,0.30005
232,53,-4,0,1,1,0,1,0,0,0.8999,0.3999
233,42,-4,0,2,1,0,1,0,0,0.8999,0.30005
234,42,-4,0,2,1,0,1,0,0,0.8999,0.30005
235,53,-4,0,1,1,0,1,0,0,0.8999,0.3999
236,54,-5,0,1,1,0,1,0,0,1,0.3999
237,42,-4,0,2,1,0,1,0,0,0.8999,0.30005
238,54,-5,0,1,1,0,1,0,0,1,0.3999
239,43,-5,0,2,1,0,1,0,0,1,0.30005
240,50,-1,0,1,1,0,1,0,0,0.6001,0.3999
241,62,-2,0,0,1,0,1,0,0,0.7002,0.5
242,51,-2,0,1,1,0,1,0,0,0.7002,0.3999
243,50,-1,0,1,1,0,1,0,0,0.6001,0.3999
244,61,-1,0,0,1,0,1,0,0,0.6001,0.5
245,62,-2,0,0,1,0,1,0,0,0.7002,0.5
246,51,-2,0,1,1,0,1,0,0,0.7002,0.3999
247,62,-2,0,0,1,0,1,0,0,0.7002,0.5
248,63,-3,0,0,1,0,1,0,0,0.7998,0.5
249,51,-2,0,1,1,0,1,0,0,0.7002,0.3999
250,63,-3,0,0,1,0,1,0,0,0.7998,0.5
251,52,-3,0,1,1,0,1,0,0,0.7998,0.3999
252,52,-3,0,1,1,0,1,0,0,0.7998,0.3999
253,63,-3,0,0,1,0,1,0,0,0.7998,0.5
254,64,-4,0,0,1,0,1,0,0,0.8999,0.5
255,52,-3,0,1,1,0,1,0,0,0.7998,0.3999
256,64,-4,0,0,1,0,1,0,0,0.8999,0.5
257,53,-4,0,1,1,0,1,0,0,0.8999,0.3999
258,53,-4,0,1,1,0,1,0,0,0.8999,0.3999
259,64,-4,0,0,1,0,1,0,0,0.8999,0.5
260,65,-5,0,0,1,0,1,0,0,1,0.5
261,53,-4,0,1,1,0,1,0,0,0.8999,0.3999
262,65,-5,0,0,1,0,1,0,0,1,0.5
263,54,-5,0,1,1,0,1,0,0,1,0.3999
264,61,-1,0,0,1,0,1,0,0,0.6001,0.5
265,73,-2,0,-1,1,0,1,0,0,0.7002,0.6001
266,62,-2,0,0,1,0,1,0,0,0.7002,0.5
267,61,-1,0,0,1,0,1,0,0,0.6001,0.5
268,72,-1,0,-1,1,0,1,0,0,0.6001,0.6001
269,73,-2,0,-1,1,0,1,0,0,0.7002,0.6001
270,60,0,0,0,1,0,1,0,0,0.5,0.5
271,72,-1,0,-1,1,0,1,0,0,0.6001,0.6001
272,61,-1,0,0,1,0,1,0,0,0.6001,0.5
273,49,0,0,1,1,0,1,0,0,0.5,0.3999
274,60,0,0,0,1,0,1,0,0,0.5,0.5
275,61,-1,0,0,1,0,1,0,0,0.6001,0.5
276,48,1,0,1,1,0,1,0,0,0.3999,0.3999
277,60,0,0,0,1,0,1,0,0,0.5,0.5
278,49,0,0,1,1,0,1,0,0,0.5,0.3999
279,48,1,0,1,1,0,1,0,0,0.3999,0.3999
280,59,1,0,0,1,0,1,0,0,0.3999,0.5
281,60,0,0,0,1,0,1,0,0,0.5,0.5
282,47,2,0,1,1,0,1,0,0,0.30005,0.3999
283,59,1,0,0,1,0,1,0,0,0.3999,0.5
284,48,1,0,1,1,0,1,0,0,0.3999,0.3999
285,47,2,0,1,1,0,1,0,0,0.30005,0.3999
286,58,2,0,0,1,0,1,0,0,0.30005,0.5
287,59,1,0,0,1,0,1,0,0,0.3999,0.5
288,46,3,0,1,1,0,1,0,0,0.19995,0.3999
289,58,2,0,0,1,0,1,0,0,0.30005,0.5
290,47,2,0,1,1,0,1,0,0,0.30005,0.3999
291,46,3,0,1,1,0,1,0,0,0.19995,0.3999
292,57,3,0,0,1,0,1,0,0,0.19995,0.5
293,58,2,0,0,1,0,1,0,0,0.30005,0.5
294,45,4,0,1,1,0,1,0,0,0.09998,0.3999
295,57,3,0,0,1,0,1,0,0,0.19995,0.5
296,46,3,0,1,1,0,1,0,0,0.19995,0.3999
297,45,4,0,1,1,0,1,0,0,0.09998,0.3999
298,56,4,0,0,1,0,1,0,0,0.09998,0.5
299,57,3,0,0,1,0,1,0,0,0.19995,0.5
300,44,5,0,1,1,0,1,0,0,0,0.3999
301,56,4,0,0,1,0,1,0,0,0.09998,0.5
302,45,4,0,1,1,0,1,0,0,0.09998,0.3999
303,44,5,0,1,1,0,1,0,0,0,0.3999
304,55,5,0,0,1,0,1,0,0,0,0.5
305,56,4,0,0,1,0,1,0,0,0.09998,0.5
306,55,5,0,0,1,0,1,0,0,0,0.5
307,67,4,0,-1,1,0,1,0,0,0.09998,0.6001
308,56,4,0,0,1,0,1,0,0,0.09998,0.5
309,55,5,0,0,1,0,1,0,0,0,0.5
310,66,5,0,-1,1,0,1,0,0,0,0.6001
311,67,4,0,-1,1,0,1,0,0,0.09998,0.6001
312,56,4,0,0,1,0,1,0,0,0.09998,0.5
313,67,4,0,-1,1,0,1,0,0,0.09998,0.6001
314,68,3,0,-1,1,0,1,0,0,0.19995,0.6001
315,56,4,0,0,1,0,1,0,0,0.09998,0.5
316,68,3,0,-1,1,0,1,0,0,0.19995,0.6001
317,57,3,0,0,1,0,1,0,0,0.19995,0.5
318,57,3,0,0,1,0,1,0,0,0.19995,0.5
319,68,3,0,-1,1,0,1,0,0,0.19995,0.6001
320,69,2,0,-1,1,0,1,0,0,0.30005,0.6001
321,57,3,0,0,1,0,1,0,0,0.19995,0.5
322,69,2,0,-1,1,0,1,0,0,0.30005,0.6001
323,58,2,0,0,1,0,1,0,0,0.30005,0.5
324,58,2,0,0,1,0,1,0,0,0.30005,0.5
325,69,2,0,-1,1,0,1,0,0,0.30005,0.6001
326,70,1,0,-1,1,0,1,0,0,0.3999,0.6001
327,58,2,0,0,1,0,1,0,0,0.30005,0.5
328,70,1,0,-1,1,0,1,0,0,0.3999,0.6001
329,59,1,0,0,1,0,1,0,0,0.3999,0.5
330,59,1,0,0,1,0,1,0,0,0.3999,0.5
331,70,1,0,-1,1,0,1,0,0,0.3999,0.6001
332,71,0,0,-1,1,0,1,0,0,0.5,0.6001
333,59,1,0,0,1,0,1,0,0,0.3999,0.5
334,71,0,0,-1,1,0,1,0,0,0.5,0.6001
335,60,0,0,0,1,0,1,0,0,0.5,0.5
336,60,0,0,0,1,0,1,0,0,0.5,0.5
337,71,0,0,-1,1,0,1,0,0,0.5,0.6001
338,72,-1,0,-1,1,0,1,0,0,0.6001,0.6001
339,66,5,0,-1,1,0,1,0,0,0,0.6001
340,78,4,0,-2,1,0,1,0,0,0.09998,0.7002
341,67,4,0,-1,1,0,1,0,0,0.09998,0.6001
342,66,5,0,-1,1,0,1,0,0,0,0.6001
343,77,5,0,-2,1,0,1,0,0,0,0.7002
344,78,4,0,-2,1,0,1,0,0,0.09998,0.7002
345,67,4,0,-1,1,0,1,0,0,0.09998,0.6001
346,78,4,0,-2,1,0,1,0,0,0.09998,0.7002
347,79,3,0,-2,1,0,1,0,0,0.19995,0.7002
348,67,4,0,-1,1,0,1,0,0,0.09998,0.6001
349,79,3,0,-2,1,0,1,0,0,0.19995,0.7002
350,68,3,0,-1,1,0,1,0,0,0.19995,0.6001
351,68,3,0,-1,1,0,1,0,0,0.19995,0.6001
352,79,3,0,-2,1,0,1,0,0,0.19995,0.7002
353,80,2,0,-2,1,0,1,0,0,0.30005,0.7002
354,68,3,0,-1,1,0,1,0,0,0.19995,0.6001
355,80,2,0,-2,1,0,1,0,0,0.30005,0.7002
356,69,2,0,-1,1,0,1,0,0,0.30005,0.6001
357,69,2,0,-1,1,0,1,0,0,0.30005,0.6001
358,80,2,0,-2,1,0,1,0,0,0.30005,0.7002
359,81,1,0,-2,1,0,1,0,0,0.3999,0.7002
360,69,2,0,-1,1,0,1,0,0,0.30005,0.6001
361,81,1,0,-2,1,0,1,0,0,0.3999,0.7002
362,70,1,0,-1,1,0,1,0,0,0.3999,0.6001
363,70,1,0,-1,1,0,1,0,0,0.3999,0.6001
364,81,1,0,-2,1,0,1,0,0,0.3999,0.7002
365,82,0,0,-2,1,0,1,0,0,0.5,0.7002
366,70,1,0,-1,1,0,1,0,0,0.3999,0.6001
367,82,0,0,-2,1,0,1,0,0,0.5,0.7002
368,71,0,0,-1,1,0,1,0,0,0.5,0.6001
369,71,0,0,-1,1,0,1,0,0,0.5,0.6001
370,82,0,0,-2,1,0,1,0,0,0.5,0.7002
371,83,-1,0,-2,1,0,1,0,0,0.6001,0.7002
372,71,0,0,-1,1,0,1,0,0,0.5,0.6001
373,83,-1,0,-2,1,0,1,0,0,0.6001,0.7002
374,72,-1,0,-1,1,0,1,0,0,0.6001,0.6001
375,72,-1,0,-1,1,0,1,0,0,0.6001,0.6001
376,83,-1,0,-2,1,0,1,0,0,0.6001,0.7002
377,84,-2,0,-2,1,0,1,0,0,0.7002,0.7002
378,72,-1,0,-1,1,0,1,0,0,0.6001,0.6001
379,84,-2,0,-2,1,0,1,0,0,0.7002,0.7002
380,73,-2,0,-1,1,0,1,0,0,0.7002,0.6001
381,73,-2,0,-1,1,0,1,0,0,0.7002,0.6001
382,84,-2,0,-2,1,0,1,0,0,0.7002,0.7002
383,85,-3,0,-2,1,0,1,0,0,0.7998,0.7002
384,73,-2,0,-1,1,0,1,0,0,0.7002,0.6001
385,85,-3,0,-2,1,0,1,0,0,0.7998,0.7002
386,74,-3,0,-1,1,0,1,0,0,0.7998,0.6001
387,62,-2,0,0,1,0,1,0,0,0.7002,0.5
388,73,-2,0,-1,1,0,1,0,0,0.7002,0.6001
389,74,-3,0,-1,1,0,1,0,0,0.7998,0.6001
390,62,-2,0,0,1,0,1,0,0,0.7002,0.5
391,74,-3,0,-1,1,0,1,0,0,0.7998,0.6001
392,63,-3,0,0,1,0,1,0,0,0.7998,0.5
393,63,-3,0,0,1,0,1,0,0,0.7998,0.5
394,74,-3,0,-1,1,0,1,0,0,0.7998,0.6001
395,75,-4,0,-1,1,0,1,0,0,0.8999,0.6001
396,63,-3,0,0,1,0,1,0,0,0.7998,0.5
397,75,-4,0,-1,1,0,1,0,0,0.8999,0.6001
398,64,-4,0,0,1,0,1,0,0,0.8999,0.5
399,64,-4,0,0,1,0,1,0,0,0.8999,0.5
400,75,-4,0,-1,1,0,1,0,0,0.8999,0.6001
401,76,-5,0,-1,1,0,1,0,0,1,0.6001
402,64,-4,0,0,1,0,1,0,0,0.8999,0.5
403,76,-5,0,-1,1,0,1,0,0,1,0.6001
404,65,-5,0,0,1,0,1,0,0,1,0.5
405,74,-3,0,-1,1,0,1,0,0,0.7998,0.6001
406,85,-3,0,-2,1,0,1,0,0,0.7998,0.7002
407,86,-4,0,-2,1,0,1,0,0,0.8999,0.7002
408,74,-3,0,-1,1,0,1,0,0,0.7998,0.6001
409,86,-4,0,-2,1,0,1,0,0,0.8999,0.7002
410,75,-4,0,-1,1,0,1,0,0,0.8999,0.6001
411,75,-4,0,-1,1,0,1,0,0,0.8999,0.6001
412,86,-4,0,-2,1,0,1,0,0,0.8999,0.7002
413,87,-5,0,-2,1,0,1,0,0,1,0.7002
414,75,-4,0,-1,1,0,1,0,0,0.8999,0.6001
415,87,-5,0,-2,1,0,1,0,0,1,0.7002
416,76,-5,0,-1,1,0,1,0,0,1,0.6001
417,80,2,0,-2,1,0,1,0,0,0.30005,0.7002
418,92,1,0,-3,1,0,1,0,0,0.3999,0.7998
419,81,1,0,-2,1,0,1,0,0,0.3999,0.7002
420,81,1,0,-2,1,0,1,0,0,0.3999,0.7002
421,92,1,0,-3,1,0,1,0,0,0.3999,0.7998
422,93,0,0,-3,1,0,1,0,0,0.5,0.7998
423,81,1,0,-2,1,0,1,0,0,0.3999,0.7002
424,93,0,0,-3,1,0,1,0,0,0.5,0.7998
425,82,0,0,-2,1,0,1,0,0,0.5,0.7002
426,82,0,0,-2,1,0,1,0,0,0.5,0.7002
427,93,0,0,-3,1,0,1,0,0,0.5,0.7998
428,94,-1,0,-3,1,0,1,0,0,0.6001,0.7998
429,82,0,0,-2,1,0,1,0,0,0.5,0.7002
430,94,-1,0,-3,1,0,1,0,0,0.6001,0.7998
431,83,-1,0,-2,1,0,1,0,0,0.6001,0.7002
432,83,-1,0,-2,1,0,1,0,0,0.6001,0.7002
433,94,-1,0,-3,1,0,1,0,0,0.6001,0.7998
434,95,-2,0,-3,1,0,1,0,0,0.7002,0.7998
435,83,-1,0,-2,1,0,1,0,0,0.6001,0.7002
436,95,-2,0,-3,1,0,1,0,0,0.7002,0.7998
437,84,-2,0,-2,1,0,1,0,0,0.7002,0.7002
438,84,-2,0,-2,1,0,1,0,0,0.7002,0.7002
439,95,-2,0,-3,1,0,1,0,0,0.7002,0.7998
440,96,-3,0,-3,1,0,1,0,0,0.7998,0.7998
441,84,-2,0,-2,1,0,1,0,0,0.7002,0.7002
442,96,-3,0,-3,1,0,1,0,0,0.7998,0.7998
443,85,-3,0,-2,1,0,1,0,0,0.7998,0.7002
444,85,-3,0,-2,1,0,1,0,0,0.7998,0.7002
445,96,-3,0,-3,1,0,1,0,0,0.7998,0.7998
446,97,-4,0,-3,1,0,1,0,0,0.8999,0.7998
447,85,-3,0,-2,1,0,1,0,0,0.7998,0.7002
448,97,-4,0,-3,1,0,1,0,0,0.8999,0.7998
449,86,-4,0,-2,1,0,1,0,0,0.8999,0.7002
450,86,-4,0,-2,1,0,1,0,0,0.8999,0.7002
451,97,-4,0,-3,1,0,1,0,0,0.8999,0.7998
452,98,-5,0,-3,1,0,1,0,0,1,0.7998
453,86,-4,0,-2,1,0,1,0,0,0.8999,0.7002
454,98,-5,0,-3,1,0,1,0,0,1,0.7998
455,87,-5,0,-2,1,0,1,0,0,1,0.7002
456,92,1,0,-3,1,0,1,0,0,0.3999,0.7998
457,104,0,0,-4,1,0,1,0,0,0.5,0.8999
458,93,0,0,-3,1,0,1,0,0,0.5,0.7998
459,92,1,0,-3,1,0,1,0,0,0.3999,0.7998
460,103,1,0,-4,1,0,1,0,0,0.3999,0.8999
461,104,0,0,-4,1,0,1,0,0,0.5,0.8999
462,91,2,0,-3,1,0,1,0,0,0.30005,0.7998
463,103,1,0,-4,1,0,1,0,0,0.3999,0.8999
464,92,1,0,-3,1,0,1,0,0,0.3999,0.7998
465,80,2,0,-2,1,0,1,0,0,0.30005,0.7002
466,91,2,0,-3,1,0,1,0,0,0.30005,0.7998
467,92,1,0,-3,1,0,1,0,0,0.3999,0.7998
468,79,3,0,-2,1,0,1,0,0,0.19995,0.7002
469,91,2,0,-3,1,0,1,0,0,0.30005,0.7998
470,80,2,0,-2,1,0,1,0,0,0.30005,0.7002
471,79,3,0,-2,1,0,1,0,0,0.19995,0.7002
472,90,3,0,-3,1,0,1,0,0,0.19995,0.7998
473,91,2,0,-3,1,0,1,0,0,0.30005,0.7998
474,78,4,0,-2,1,0,1,0,0,0.09998,0.7002
475,90,3,0,-3,1,0,1,0,0,0.19995,0.7998
476,79,3,0,-2,1,0,1,0,0,0.19995,0.7002
477,78,4,0,-2,1,0,1,0,0,0.09998,0.7002
478,89,4,0,-3,1,0,1,0,0,0.09998,0.7998
479,90,3,0,-3,1,0,1,0,0,0.19995,0.7998
480,77,5,0,-2,1,0,1,0,0,0,0.7002
481,89,4,0,-3,1,0,1,0,0,0.09998,0.7998
482,78,4,0,-2,1,0,1,0,0,0.09998,0.7002
483,77,5,0,-2,1,0,1,0,0,0,0.7002
484,88,5,0,-3,1,0,1,0,0,0,0.7998
485,89,4,0,-3,1,0,1,0,0,0.09998,0.7998
486,88,5,0,-3,1,0,1,0,0,0,0.7998
487,100,4,0,-4,1,0,1,0,0,0.09998,0.8999
488,89,4,0,-3,1,0,1,0,0,0.09998,0.7998
489,88,5,0,-3,1,0,1,0,0,0,0.7998
490,99,5,0,-4,1,0,1,0,0,0,0.8999
491,100,4,0,-4,1,0,1,0,0,0.09998,0.8999
492,89,4,0,-3,1,0,1,0,0,0.09998,0.7998
493,100,4,0,-4,1,0,1,0,0,0.09998,0.8999
494,101,3,0,-4,1,0,1,0,0,0.19995,0.8999
495,89,4,0,-3,1,0,1,0,0,0.09998,0.7998
496,101,3,0,-4,1,0,1,0,0,0.19995,0.8999
497,90,3,0,-3,1,0,1,0,0,0.19995,0.7998
498,90,3,0,-3,1,0,1,0,0,0.19995,0.7998
499,101,3,0,-4,1,0,1,0,0,0.19995,0.8999
500,102,2,0,-4,1,0,1,0,0,0.30005,0.8999
501,90,3,0,-3,1,0,1,0,0,0.19995,0.7998
502,102,2,0,-4,1,0,1,0,0,0.30005,0.8999
503,91,2,0,-3,1,0,1,0,0,0.30005,0.7998
504,91,2,0,-3,1,0,1,0,0,0.30005,0.7998
505,102,2,0,-4,1,0,1,0,0,0.30005,0.8999
506,103,1,0,-4,1,0,1,0,0,0.3999,0.8999
507,97,-4,0,-3,1,0,1,0,0,0.8999,0.7998
508,109,-5,0,-4,1,0,1,0,0,1,0.8999
509,98,-5,0,-3,1,0,1,0,0,1,0.7998
510,99,5,0,-4,1,0,1,0,0,0,0.8999
511,111,4,0,-5,1,0,1,0,0,0.09998,1
512,100,4,0,-4,1,0,1,0,0,0.09998,0.8999
513,99,5,0,-4,1,0,1,0,0,0,0.8999
514,110,5,0,-5,1,0,1,0,0,0,1
515,111,4,0,-5,1,0,1,0,0,0.09998,1
516,100,4,0,-4,1,0,1,0,0,0.09998,0.8999
517,111,4,0,-5,1,0,1,0,0,0.09998,1
518,112,3,0,-5,1,0,1,0,0,0.19995,1
519,100,4,0,-4,1,0,1,0,0,0.09998,0.8999
520,112,3,0,-5,1,0,1,0,0,0.19995,1
521,101,3,0,-4,1,0,1,0,0,0.19995,0.8999
522,101,3,0,-4,1,0,1,0,0,0.19995,0.8999
523,112,3,0,-5,1,0,1,0,0,0.19995,1
524,113,2,0,-5,1,0,1,0,0,0.30005,1
525,101,3,0,-4,1,0,1,0,0,0.19995,0.8999
526,113,2,0,-5,1,0,1,0,0,0.30005,1
527,102,2,0,-4,1,0,1,0,0,0.30005,0.8999
528,102,2,0,-4,1,0,1,0,0,0.30005,0.8999
529,113,2,0,-5,1,0,1,0,0,0.30005,1
530,114,1,0,-5,1,0,1,0,0,0.3999,1
531,102,2,0,-4,1,0,1,0,0,0.30005,0.8999
532,114,1,0,-5,1,0,1,0,0,0.3999,1
533,103,1,0,-4,1,0,1,0,0,0.3999,0.8999
534,103,1,0,-4,1,0,1,0,0,0.3999,0.8999
535,114,1,0,-5,1,0,1,0,0,0.3999,1
536,115,0,0,-5,1,0,1,0,0,0.5,1
537,103,1,0,-4,1,0,1,0,0,0.3999,0.8999
538,115,0,0,-5,1,0,1,0,0,0.5,1
539,104,0,0,-4,1,0,1,0,0,0.5,0.8999
540,104,0,0,-4,1,0,1,0,0,0.5,0.8999
541,115,0,0,-5,1,0,1,0,0,0.5,1
542,116,-1,0,-5,1,0,1,0,0,0.6001,1
543,104,0,0,-4,1,0,1,0,0,0.5,0.8999
544,116,-1,0,-5,1,0,1,0,0,0.6001,1
545,105,-1,0,-4,1,0,1,0,0,0.6001,0.8999
546,93,0,0,-3,1,0,1,0,0,0.5,0.7998
547,104,0,0,-4,1,0,1,0,0,0.5,0.8999
548,105,-1,0,-4,1,0,1,0,0,0.6001,0.8999
549,93,0,0,-3,1,0,1,0,0,0.5,0.7998
550,105,-1,0,-4,1,0,1,0,0,0.6001,0.8999
551,94,-1,0,-3,1,0,1,0,0,0.6001,0.7998
552,94,-1,0,-3,1,0,1,0,0,0.6001,0.7998
553,105,-1,0,-4,1,0,1,0,0,0.6001,0.8999
554,106,-2,0,-4,1,0,1,0,0,0.7002,0.8999
555,94,-1,0,-3,1,0,1,0,0,0.6001,0.7998
556,106,-2,0,-4,1,0,1,0,0,0.7002,0.8999
557,95,-2,0,-3,1,0,1,0,0,0.7002,0.7998
558,95,-2,0,-3,1,0,1,0,0,0.7002,0.7998
559,106,-2,0,-4,1,0,1,0,0,0.7002,0.8999
560,107,-3,0,-4,1,0,1,0,0,0.7998,0.8999
561,95,-2,0,-3,1,0,1,0,0,0.7002,0.7998
562,107,-3,0,-4,1,0,1,0,0,0.7998,0.8999
563,96,-3,0,-3,1,0,1,0,0,0.7998,0.7998
564,96,-3,0,-3,1,0,1,0,0,0.7998,0.7998
565,107,-3,0,-4,1,0,1,0,0,0.7998,0.8999
566,108,-4,0,-4,1,0,1,0,0,0.8999,0.8999
567,96,-3,0,-3,1,0,1,0,0,0.7998,0.7998
568,108,-4,0,-4,1,0,1,0,0,0.8999,0.8999
569,97,-4,0,-3,1,0,1,0,0,0.8999,0.7998
570,97,-4,0,-3,1,0,1,0,0,0.8999,0.7998
571,108,-4,0,-4,1,0,1,0,0,0.8999,0.8999
572,109,-5,0,-4,1,0,1,0,0,1,0.8999
573,105,-1,0,-4,1,0,1,0,0,0.6001,0.8999
574,116,-1,0,-5,1,0,1,0,0,0.6001,1
575,117,-2,0,-5,1,0,1,0,0,0.7002,1
576,105,-1,0,-4,1,0,1,0,0,0.6001,0.8999
577,117,-2,0,-5,1,0,1,0,0,0.7002,1
578,106,-2,0,-4,1,0,1,0,0,0.7002,0.8999
579,106,-2,0,-4,1,0,1,0,0,0.7002,0.8999
580,117,-2,0,-5,1,0,1,0,0,0.7002,1
581,118,-3,0,-5,1,0,1,0,0,0.7998,1
582,106,-2,0,-4,1,0,1,0,0,0.7002,0.8999
583,118,-3,0,-5,1,0,1,0,0,0.7998,1
584,107,-3,0,-4,1,0,1,0,0,0.7998,0.8999
585,107,-3,0,-4,1,0,1,0,0,0.7998,0.8999
586,118,-3,0,-5,1,0,1,0,0,0.7998,1
587,119,-4,0,-5,1,0,1,0,0,0.8999,1
588,107,-3,0,-4,1,0,1,0,0,0.7998,0.8999
589,119,-4,0,-5,1,0,1,0,0,0.8999,1
590,108,-4,0,-4,1,0,1,0,0,0.8999,0.8999
591,108,-4,0,-4,1,0,1,0,0,0.8999,0.8999
592,119,-4,0,-5,1,0,1,0,0,0.8999,1
593,120,-5,0,-5,1,0,1,0,0,1,1
594,108,-4,0,-4,1,0,1,0,0,0.8999,0.8999
595,120,-5,0,-5,1,0,1,0,0,1,1
596,109,-5,0,-4,1,0,1,0,0,1,0.8999
597,49,0,0,1,1,0,1,0,0,0.5,0.3999
598,61,-1,0,0,1,0,1,0,0,0.6001,0.5
599,50,-1,0,1,1,0,1,0,0,0.6001,0.3999
